TRAINSET,Fdate,ObjectPartCode
TNST188,02-Feb-17,588
TNST188,02-Feb-17,588
TNST188,03-Apr-17,556
TNST188,01-May-17,581
TNST188,09-May-17,565
TNST188,01-Jun-19,557
TNST188,05-Jul-19,1050
TNST188,08-Jul-17,551
TNST188,10-Jul-15,641
TNST188,08-Aug-19,553
TNST188,08-Sep-17,552
TNST188,08-Sep-17,589
TNST188,10-Oct-18,589
TNST188,07-Nov-17,556
TNST188,13-Jun-18,553
TNST188,13-Jun-18,558
TNST188,13-Aug-16,554
TNST188,13-Aug-16,847
TNST188,14-Jul-18,565
TNST188,14-Sep-15,548
TNST188,14-Oct-18,641
TNST188,15-May-18,558
TNST188,15-Nov-17,641
TNST188,16-Apr-17,899
TNST188,17-Aug-17,837
TNST188,17-Oct-18,553
TNST188,18-Oct-18,585
TNST188,19-Dec-17,626
TNST188,19-Dec-19,552
TNST188,21-Feb-18,550
TNST188,21-May-17,583
TNST188,21-Nov-18,554
TNST188,22-Aug-19,641
TNST188,22-Sep-18,581
TNST188,23-Feb-19,915
TNST188,24-Aug-18,551
TNST188,25-Feb-18,588
TNST188,25-Jul-18,554
TNST188,25-Sep-15,556
TNST188,26-Jan-17,554
TNST188,26-Oct-19,552
TNST188,27-Jan-17,553
TNST188,27-Jan-17,553
TNST188,27-Jan-17,553
TNST188,27-Mar-18,620
TNST188,27-Jul-16,553
TNST188,27-Aug-15,589
TNST188,28-Mar-19,585
TNST188,28-May-17,556
TNST188,28-Jul-18,583
TNST188,28-Oct-16,556
TNST188,30-May-18,561
TNST188,30-Jul-15,425
TNST188,30-Jul-17,607
TNST188,31-Jan-17,425
TNST188,31-Mar-17,564
TNST188,31-Dec-19,555
TNST189,11-Jan-18,553
TNST189,05-Feb-17,899
TNST189,07-Feb-18,585
TNST189,10-Apr-18,549
TNST189,10-May-17,641
TNST189,11-May-18,556
TNST189,09-Jun-17,551
TNST189,07-Jul-18,641
TNST189,09-Jul-17,641
TNST189,03-Aug-17,550
TNST189,04-Aug-18,585
TNST189,09-Aug-17,790
TNST189,03-Sep-19,554
TNST189,03-Sep-19,554
TNST189,03-Oct-19,585
TNST189,06-Oct-18,588
TNST189,12-Oct-18,790
TNST189,12-Oct-18,604
TNST189,09-Nov-16,588
TNST189,12-Nov-17,556
TNST189,01-Dec-17,585
TNST189,07-Dec-18,641
TNST189,12-Dec-17,583
TNST189,13-Feb-18,589
TNST189,13-Mar-18,588
TNST189,13-Apr-19,588
TNST189,13-Sep-18,576
TNST189,13-Dec-17,641
TNST189,14-Nov-19,844
TNST189,15-Apr-19,563
TNST189,15-Apr-19,1048
TNST189,15-May-18,588
TNST189,15-May-19,586
TNST189,15-Sep-19,555
TNST189,17-Jan-16,585
TNST189,17-Jan-17,551
TNST189,17-Jan-19,552
TNST189,17-Mar-17,556
TNST189,17-Oct-19,563
TNST189,18-Mar-16,425
TNST189,18-Jun-19,604
TNST189,18-Jun-19,555
TNST189,18-Dec-17,589
TNST189,20-Jul-18,641
TNST189,21-Mar-18,641
TNST189,22-Jan-19,547
TNST189,22-Jul-19,1050
TNST189,22-Aug-15,425
TNST189,23-Feb-16,425
TNST189,23-May-19,589
TNST189,23-Jun-19,589
TNST189,23-Nov-17,588
TNST189,24-Dec-19,554
TNST189,25-Apr-18,556
TNST189,25-Aug-15,552
TNST189,26-Oct-18,598
TNST189,27-Jun-16,588
TNST189,28-Mar-19,585
TNST189,28-Jul-17,895
TNST189,28-Jul-17,551
TNST189,28-Jul-17,585
TNST189,28-Jul-17,589
TNST189,29-Aug-16,641
TNST189,30-Jan-19,563
TNST189,31-Mar-19,837
TNST189,31-Jul-15,549
TNST189,31-Jul-18,641
TNST190,08-Jan-15,555
TNST190,09-Mar-15,577
TNST190,09-Mar-19,583
TNST190,01-May-17,895
TNST190,06-May-18,558
TNST190,01-Jun-19,557
TNST190,03-Jun-17,487
TNST190,03-Jun-19,790
TNST190,04-Jun-19,1101
TNST190,07-Jun-17,583
TNST190,08-Jun-15,576
TNST190,01-Jul-18,553
TNST190,08-Jul-15,577
TNST190,08-Aug-15,581
TNST190,08-Aug-15,551
TNST190,10-Aug-17,837
TNST190,02-Oct-19,561
TNST190,03-Oct-19,555
TNST190,04-Oct-18,552
TNST190,08-Nov-15,551
TNST190,12-Nov-16,583
TNST190,09-Dec-15,487
TNST190,13-Feb-16,554
TNST190,13-Mar-17,553
TNST190,13-Oct-18,549
TNST190,14-Mar-16,790
TNST190,14-May-19,641
TNST190,14-Aug-15,425
TNST190,14-Sep-19,589
TNST190,15-Sep-16,837
TNST190,17-Apr-17,589
TNST190,17-Apr-17,556
TNST190,18-Aug-15,549
TNST190,18-Aug-15,425
TNST190,18-Dec-16,487
TNST190,19-Aug-15,588
TNST190,19-Dec-18,641
TNST190,20-Jan-17,583
TNST190,20-Jan-17,565
TNST190,20-Mar-18,563
TNST190,20-Sep-15,554
TNST190,20-Sep-15,425
TNST190,21-Mar-19,620
TNST190,23-Jan-16,425
TNST190,23-Jan-17,564
TNST190,24-Mar-19,559
TNST190,24-Apr-19,556
TNST190,24-Sep-18,557
TNST190,25-Jun-19,556
TNST190,25-Sep-19,577
TNST190,26-Aug-15,549
TNST190,26-Dec-18,790
TNST190,27-Sep-17,585
TNST190,28-Apr-19,561
TNST190,28-Aug-19,554
TNST190,29-Jan-19,554
TNST190,29-Nov-17,641
TNST190,30-Mar-17,565
TNST190,30-Mar-17,487
TNST190,30-Nov-17,556
TNST190,30-Dec-16,837
TNST190,31-Jan-18,585
TNST190,31-Oct-18,554
TNST195,05-Jan-19,586
TNST195,07-Feb-16,583
TNST195,03-Mar-19,554
TNST195,10-Mar-19,790
TNST195,06-May-16,560
TNST195,08-May-15,555
TNST195,10-May-17,585
TNST195,03-Jun-19,790
TNST195,04-Jun-18,585
TNST195,08-Jun-15,554
TNST195,12-Jun-17,641
TNST195,03-Jul-17,641
TNST195,04-Jul-18,576
TNST195,08-Jul-19,556
TNST195,11-Jul-18,553
TNST195,07-Aug-19,556
TNST195,01-Sep-17,551
TNST195,01-Sep-17,558
TNST195,08-Sep-16,549
TNST195,02-Oct-17,588
TNST195,01-Nov-17,559
TNST195,01-Nov-17,559
TNST195,03-Nov-17,604
TNST195,09-Nov-16,553
TNST195,13-Apr-19,620
TNST195,13-Sep-15,547
TNST195,14-Feb-19,589
TNST195,14-Aug-18,487
TNST195,16-Jun-19,556
TNST195,16-Aug-17,844
TNST195,18-Jul-19,837
TNST195,19-Jul-19,1050
TNST195,20-Mar-18,560
TNST195,20-Aug-16,790
TNST195,22-Sep-16,549
TNST195,22-Nov-18,583
TNST195,23-Mar-17,641
TNST195,23-Jun-19,790
TNST195,23-Nov-17,588
TNST195,24-Mar-18,554
TNST195,25-Jun-17,586
TNST195,26-Jul-16,626
TNST195,26-Dec-16,559
TNST195,27-Jul-17,554
TNST195,27-Sep-19,895
TNST195,29-Dec-19,487
TNST195,30-Oct-18,585
TNST195,31-Aug-19,641
TNST195,31-Oct-16,585
TNST196,05-Jan-19,588
TNST196,09-Jan-19,582
TNST196,04-Feb-18,583
TNST196,10-Feb-18,641
TNST196,01-Mar-18,583
TNST196,01-Mar-19,560
TNST196,06-Mar-16,425
TNST196,10-Mar-17,554
TNST196,10-Mar-18,583
TNST196,01-Apr-18,641
TNST196,08-Apr-18,589
TNST196,10-Apr-19,559
TNST196,12-Apr-16,556
TNST196,01-Jun-18,553
TNST196,09-Jul-17,553
TNST196,06-Aug-19,641
TNST196,06-Aug-19,641
TNST196,08-Aug-17,551
TNST196,02-Sep-17,548
TNST196,08-Sep-16,547
TNST196,02-Oct-19,641
TNST196,06-Oct-16,589
TNST196,06-Nov-16,556
TNST196,06-Nov-16,554
TNST196,12-Nov-18,588
TNST196,10-Dec-19,576
TNST196,13-Feb-19,588
TNST196,13-May-17,588
TNST196,14-Jun-17,588
TNST196,14-Aug-17,589
TNST196,15-Oct-17,583
TNST196,16-Feb-19,641
TNST196,17-Aug-19,554
TNST196,18-Mar-18,583
TNST196,18-Aug-17,588
TNST196,19-Sep-15,604
TNST196,20-Jan-17,581
TNST196,20-Sep-17,554
TNST196,22-Oct-18,588
TNST196,22-Dec-19,790
TNST196,23-Apr-17,580
TNST196,24-May-18,555
TNST196,24-May-19,1050
TNST196,24-Jul-19,589
TNST196,24-Sep-16,583
TNST196,24-Oct-16,626
TNST196,24-Oct-18,556
TNST196,25-Apr-19,556
TNST196,26-May-17,588
TNST196,26-Sep-16,554
TNST196,27-Mar-17,583
TNST196,27-May-17,588
TNST196,28-Jul-16,556
TNST196,28-Oct-18,583
TNST196,28-Nov-16,548
TNST196,29-Aug-15,588
TNST196,29-Sep-19,620
TNST196,30-Jan-19,563
TNST196,30-Apr-17,554
TNST196,30-Jul-18,641
TNST196,30-Aug-16,554
TNST196,30-Aug-18,556
TNST196,30-Sep-17,553
TNST196,30-Sep-19,620
TNST196,30-Dec-16,598
TNST196,31-Jan-16,554
TNST196,31-May-17,604
TNST196,31-Aug-16,580
TNST197,01-Jan-18,554
TNST197,07-Jan-18,585
TNST197,06-Feb-19,583
TNST197,11-Feb-17,641
TNST197,01-Apr-19,641
TNST197,07-Apr-17,554
TNST197,12-Apr-16,837
TNST197,01-May-19,641
TNST197,03-Jun-19,1057
TNST197,04-Jun-17,566
TNST197,02-Jul-19,554
TNST197,03-Jul-19,552
TNST197,03-Aug-19,1074
TNST197,09-Aug-15,563
TNST197,09-Aug-15,425
TNST197,11-Aug-19,555
TNST197,08-Nov-19,1050
TNST197,09-Dec-16,588
TNST197,10-Dec-18,556
TNST197,11-Dec-17,641
TNST197,13-Jun-16,552
TNST197,13-Aug-19,641
TNST197,13-Nov-19,844
TNST197,13-Dec-18,585
TNST197,16-Jul-19,552
TNST197,17-Jan-18,549
TNST197,17-May-18,557
TNST197,18-Jun-19,556
TNST197,18-Sep-19,565
TNST197,19-Mar-18,620
TNST197,20-Mar-19,899
TNST197,22-Dec-17,565
TNST197,23-Jan-17,837
TNST197,23-Jan-17,837
TNST197,25-Jun-16,598
TNST197,25-Aug-19,555
TNST197,26-Jan-19,552
TNST197,26-Sep-18,588
TNST197,26-Nov-16,598
TNST197,26-Nov-18,583
TNST197,26-Dec-16,553
TNST197,27-Apr-19,790
TNST197,27-Aug-16,557
TNST197,29-Apr-19,641
TNST197,29-Apr-19,641
TNST197,29-Jun-19,588
TNST197,29-Dec-16,553
TNST197,29-Dec-19,564
TNST197,30-Jan-19,556
TNST197,30-Dec-19,844
TNST197,31-Mar-17,620
TNST197,31-Mar-17,620
TNST197,31-Mar-18,589
TNST197,31-Mar-18,589
TNST197,31-Oct-19,588
TNST198,02-Jan-19,556
TNST198,07-Jan-16,557
TNST198,02-Feb-17,598
TNST198,12-Apr-19,596
TNST198,03-Jun-18,641
TNST198,10-Jun-17,552
TNST198,10-Jun-17,641
TNST198,11-Jun-17,588
TNST198,01-Jul-19,790
TNST198,02-Jul-19,790
TNST198,04-Jul-18,583
TNST198,06-Aug-18,844
TNST198,08-Aug-15,554
TNST198,11-Aug-19,549
TNST198,06-Sep-18,1004
TNST198,09-Sep-18,553
TNST198,06-Oct-18,551
TNST198,07-Oct-19,553
TNST198,11-Oct-15,554
TNST198,02-Nov-18,556
TNST198,10-Nov-19,1008
TNST198,02-Dec-17,596
TNST198,09-Dec-15,593
TNST198,13-Jan-19,553
TNST198,13-Apr-17,641
TNST198,13-Aug-15,593
TNST198,13-Nov-15,549
TNST198,13-Nov-18,554
TNST198,14-Mar-17,641
TNST198,14-Apr-19,553
TNST198,14-Sep-17,588
TNST198,15-May-18,589
TNST198,16-Jan-17,550
TNST198,16-Jan-17,550
TNST198,16-Nov-18,585
TNST198,16-Dec-19,553
TNST198,17-Apr-18,577
TNST198,17-Aug-16,551
TNST198,17-Sep-15,626
TNST198,17-Nov-17,556
TNST198,17-Nov-19,553
TNST198,18-Oct-17,588
TNST198,19-Feb-17,554
TNST198,19-May-16,553
TNST198,19-Aug-18,567
TNST198,19-Oct-19,577
TNST198,20-Apr-19,620
TNST198,20-Jul-18,556
TNST198,20-Aug-16,583
TNST198,20-Oct-19,1050
TNST198,20-Oct-19,844
TNST198,22-May-17,580
TNST198,22-May-18,641
TNST198,22-Jul-16,553
TNST198,23-Jul-16,589
TNST198,25-Jan-17,581
TNST198,26-Mar-19,576
TNST198,26-Mar-19,620
TNST198,26-Sep-16,551
TNST198,27-Jan-18,641
TNST198,27-Jun-16,551
TNST198,27-Jul-18,598
TNST198,27-Aug-19,554
TNST198,28-Jan-17,583
TNST198,28-Apr-19,915
TNST198,28-Jul-18,790
TNST198,28-Jul-19,598
TNST198,28-Aug-16,598
TNST198,28-Oct-18,554
TNST198,29-Jan-18,844
TNST198,29-Apr-19,554
TNST198,29-May-18,564
TNST198,30-Jan-17,626
TNST198,30-Jan-18,641
TNST199,03-Jan-17,553
TNST199,03-Feb-17,598
TNST199,07-Feb-19,583
TNST199,06-Mar-18,588
TNST199,09-Mar-16,557
TNST199,11-Apr-18,556
TNST199,02-May-17,425
TNST199,03-May-19,548
TNST199,06-May-16,626
TNST199,06-May-18,563
TNST199,08-Jul-17,598
TNST199,05-Aug-18,585
TNST199,06-Aug-18,557
TNST199,07-Aug-19,1050
TNST199,08-Aug-15,564
TNST199,04-Sep-19,549
TNST199,03-Oct-18,553
TNST199,02-Nov-18,585
TNST199,04-Nov-19,641
TNST199,12-Nov-18,585
TNST199,08-Dec-19,557
TNST199,09-Dec-15,551
TNST199,13-Jan-17,620
TNST199,13-Nov-18,548
TNST199,14-Jul-18,583
TNST199,14-Nov-18,588
TNST199,14-Nov-18,548
TNST199,15-Aug-18,837
TNST199,16-Feb-17,556
TNST199,16-Sep-15,554
TNST199,16-Dec-19,790
TNST199,17-Sep-18,641
TNST199,19-Sep-19,425
TNST199,20-Jan-19,1038
TNST199,20-Aug-15,553
TNST199,21-May-17,583
TNST199,21-Jul-18,550
TNST199,21-Aug-15,553
TNST199,21-Aug-16,588
TNST199,21-Aug-18,641
TNST199,21-Sep-17,550
TNST199,22-Aug-18,641
TNST199,23-Feb-17,581
TNST199,23-May-18,626
TNST199,23-Sep-15,564
TNST199,23-Sep-15,553
TNST199,24-Feb-17,551
TNST199,24-Jul-16,550
TNST199,24-Sep-15,554
TNST199,25-Feb-17,558
TNST199,25-Feb-17,558
TNST199,25-Feb-17,558
TNST199,25-Jul-19,556
TNST199,25-Oct-18,588
TNST199,26-Jan-17,581
TNST199,26-Jan-19,549
TNST199,26-May-18,583
TNST199,28-Sep-16,598
TNST199,28-Sep-16,598
TNST199,29-Mar-17,558
TNST199,29-Jun-16,598
TNST199,29-Aug-16,583
TNST199,29-Nov-18,641
TNST199,30-Apr-18,641
TNST199,30-Jun-19,1074
TNST199,30-Jul-17,563
TNST201,01-Jan-18,641
TNST201,03-Jan-17,556
TNST201,04-Jan-17,549
TNST201,04-Jan-18,585
TNST201,06-Jan-18,549
TNST201,06-Jan-19,548
TNST201,08-Jan-17,626
TNST201,09-Feb-19,589
TNST201,10-Feb-19,641
TNST201,05-Mar-19,556
TNST201,09-Mar-19,588
TNST201,12-Mar-19,831
TNST201,02-Apr-17,554
TNST201,04-Apr-19,1048
TNST201,05-Apr-19,620
TNST201,10-Apr-18,565
TNST201,12-Apr-19,1050
TNST201,09-May-16,557
TNST201,12-May-17,583
TNST201,04-Jun-18,641
TNST201,08-Jun-19,1050
TNST201,09-Jul-15,593
TNST201,11-Jul-18,553
TNST201,07-Aug-16,550
TNST201,09-Sep-16,641
TNST201,04-Oct-17,641
TNST201,07-Oct-18,556
TNST201,08-Oct-18,588
TNST201,03-Nov-19,588
TNST201,06-Dec-17,559
TNST201,06-Dec-18,563
TNST201,13-Apr-19,641
TNST201,13-Aug-18,556
TNST201,13-Nov-19,641
TNST201,14-Jan-17,641
TNST201,16-Jun-16,581
TNST201,16-Jun-19,641
TNST201,17-May-17,552
TNST201,18-May-19,582
TNST201,18-Oct-17,581
TNST201,18-Oct-18,554
TNST201,18-Oct-19,589
TNST201,19-Jun-19,583
TNST201,19-Jul-16,837
TNST201,19-Jul-16,556
TNST201,20-Apr-17,586
TNST201,20-May-18,556
TNST201,21-Feb-17,626
TNST201,21-Feb-17,588
TNST201,21-May-19,641
TNST201,21-Jun-19,641
TNST201,21-Aug-16,641
TNST201,22-Mar-16,551
TNST201,22-Jun-16,550
TNST201,22-Aug-15,425
TNST201,23-Mar-17,641
TNST201,23-Oct-19,552
TNST201,24-Dec-16,561
TNST201,25-Feb-19,920
TNST201,25-Jun-16,831
TNST201,25-Jul-18,556
TNST201,25-Jul-18,551
TNST201,25-Nov-19,899
TNST201,26-Jan-17,588
TNST201,26-Feb-17,583
TNST201,26-Mar-17,641
TNST201,26-Jul-16,553
TNST201,26-Dec-16,553
TNST201,27-Feb-17,899
TNST201,27-Apr-19,549
TNST201,27-Aug-18,567
TNST201,27-Aug-18,582
TNST201,27-Aug-18,920
TNST201,27-Sep-15,425
TNST201,28-Jul-17,554
TNST201,28-Jul-19,598
TNST201,28-Oct-19,844
TNST201,28-Nov-17,641
TNST201,28-Dec-17,561
TNST201,29-Jan-17,577
TNST201,29-Apr-19,563
TNST201,29-Jun-18,553
TNST201,31-Jan-18,585
TNST202,10-Jan-19,588
TNST202,07-Feb-17,554
TNST202,10-Feb-19,641
TNST202,10-Feb-19,556
TNST202,10-Feb-19,1048
TNST202,01-Mar-18,554
TNST202,02-Mar-17,487
TNST202,03-Mar-19,583
TNST202,12-Mar-15,553
TNST202,06-Apr-18,577
TNST202,09-Apr-15,577
TNST202,09-Apr-15,577
TNST202,09-Apr-15,547
TNST202,09-Apr-15,577
TNST202,03-May-18,641
TNST202,10-May-19,641
TNST202,11-May-19,589
TNST202,11-Jun-15,553
TNST202,06-Jul-18,583
TNST202,06-Jul-18,588
TNST202,08-Jul-18,425
TNST202,03-Aug-17,549
TNST202,04-Aug-18,593
TNST202,10-Aug-19,564
TNST202,05-Sep-19,844
TNST202,05-Oct-19,553
TNST202,07-Oct-17,583
TNST202,10-Oct-19,1074
TNST202,01-Nov-17,581
TNST202,08-Nov-18,558
TNST202,08-Nov-18,563
TNST202,02-Dec-17,641
TNST202,03-Dec-18,641
TNST202,13-Mar-18,641
TNST202,13-Dec-17,641
TNST202,14-Aug-18,557
TNST202,14-Oct-19,556
TNST202,15-Jun-18,844
TNST202,15-Nov-17,641
TNST202,16-Mar-18,558
TNST202,16-Aug-19,1050
TNST202,17-Apr-17,565
TNST202,17-Apr-17,596
TNST202,18-Apr-18,556
TNST202,18-Aug-17,551
TNST202,18-Oct-17,583
TNST202,19-Apr-17,588
TNST202,19-Jun-19,557
TNST202,19-Jul-18,548
TNST202,20-Feb-18,641
TNST202,20-May-17,556
TNST202,20-Jul-16,549
TNST202,21-Nov-18,790
TNST202,23-Feb-17,626
TNST202,23-Feb-19,1050
TNST202,24-Jul-18,596
TNST202,24-Jul-18,596
TNST202,24-Dec-16,557
TNST202,26-Jan-17,588
TNST202,26-May-17,556
TNST202,26-May-18,583
TNST202,26-Aug-19,556
TNST202,27-Dec-16,550
TNST202,28-Jul-19,593
TNST202,28-Jul-19,1038
TNST202,28-Aug-18,588
TNST202,28-Sep-19,790
TNST202,28-Oct-19,620
TNST202,29-Apr-19,790
TNST202,29-May-19,588
TNST202,29-Jun-19,556
TNST202,29-Sep-19,567
TNST202,29-Nov-17,580
TNST202,31-May-18,583
TNST202,31-Dec-17,567
TNST203,04-Jan-18,576
TNST203,09-Jan-16,583
TNST203,09-Jan-19,1074
TNST203,09-Jan-19,1050
TNST203,04-Feb-18,589
TNST203,09-Feb-19,588
TNST203,12-Mar-19,585
TNST203,07-May-19,641
TNST203,07-May-19,641
TNST203,08-Jul-17,556
TNST203,03-Aug-19,565
TNST203,08-Aug-15,564
TNST203,01-Sep-17,547
TNST203,08-Sep-15,583
TNST203,03-Oct-17,548
TNST203,11-Oct-18,895
TNST203,02-Nov-19,1050
TNST203,03-Nov-19,554
TNST203,07-Nov-18,554
TNST203,08-Nov-15,557
TNST203,08-Nov-15,586
TNST203,10-Nov-18,553
TNST203,01-Dec-18,641
TNST203,03-Dec-19,598
TNST203,05-Dec-18,641
TNST203,11-Dec-18,585
TNST203,13-May-18,554
TNST203,14-Jan-18,583
TNST203,14-May-18,641
TNST203,14-Aug-18,556
TNST203,14-Oct-15,588
TNST203,15-Oct-15,626
TNST203,16-May-18,790
TNST203,16-Nov-17,588
TNST203,18-May-19,583
TNST203,18-Aug-18,583
TNST203,18-Aug-19,554
TNST203,19-Oct-17,641
TNST203,19-Dec-19,561
TNST203,20-Mar-19,556
TNST203,20-Dec-18,487
TNST203,21-Feb-17,563
TNST203,21-Mar-19,899
TNST203,21-Jun-19,1050
TNST203,21-Nov-17,583
TNST203,21-Dec-16,586
TNST203,22-Mar-18,604
TNST203,22-Mar-19,844
TNST203,23-Apr-17,551
TNST203,23-Nov-16,565
TNST203,24-Feb-19,561
TNST203,24-Apr-18,553
TNST203,24-Jul-16,557
TNST203,24-Aug-18,563
TNST203,24-Oct-18,583
TNST203,24-Nov-19,596
TNST203,25-Jan-17,581
TNST203,25-Apr-18,845
TNST203,25-Aug-16,556
TNST203,26-Jun-17,580
TNST203,26-Jul-18,549
TNST203,26-Sep-19,844
TNST203,27-May-18,565
TNST203,27-May-18,583
TNST203,27-Sep-15,557
TNST203,27-Nov-19,555
TNST203,28-May-17,556
TNST203,28-Jul-17,563
TNST203,29-Jun-18,588
TNST203,29-Jul-18,547
TNST203,30-Jan-19,1050
TNST203,30-Jan-19,576
TNST203,30-Oct-17,641
TNST203,31-May-18,641
TNST203,31-May-19,583
TNST203,31-Aug-18,626
TNST205,07-Jan-19,549
TNST205,02-Mar-18,556
TNST205,03-Mar-18,588
TNST205,05-Mar-19,1071
TNST205,11-Mar-18,588
TNST205,04-Apr-18,551
TNST205,09-May-15,547
TNST205,09-May-15,556
TNST205,09-May-19,556
TNST205,12-May-17,588
TNST205,04-Jun-17,641
TNST205,08-Jul-17,551
TNST205,09-Jul-15,593
TNST205,10-Aug-17,585
TNST205,12-Aug-17,588
TNST205,01-Sep-18,593
TNST205,08-Oct-18,641
TNST205,08-Oct-19,557
TNST205,10-Oct-19,554
TNST205,10-Oct-19,567
TNST205,01-Nov-17,558
TNST205,01-Nov-17,553
TNST205,02-Nov-19,589
TNST205,08-Nov-15,553
TNST205,09-Nov-17,596
TNST205,09-Nov-19,641
TNST205,10-Nov-18,790
TNST205,01-Dec-19,598
TNST205,07-Dec-19,585
TNST205,08-Dec-18,589
TNST205,08-Dec-18,559
TNST205,09-Dec-15,425
TNST205,09-Dec-17,641
TNST205,13-Jan-17,565
TNST205,13-Mar-19,589
TNST205,13-May-17,641
TNST205,14-Mar-17,915
TNST205,14-Dec-16,598
TNST205,15-Mar-19,1050
TNST205,15-Jul-19,556
TNST205,15-Dec-17,553
TNST205,16-Mar-18,588
TNST205,16-Mar-19,553
TNST205,17-Nov-18,581
TNST205,18-Apr-19,1050
TNST205,18-Nov-17,589
TNST205,19-May-18,553
TNST205,19-Jul-19,549
TNST205,20-Jan-18,583
TNST205,20-Jan-18,555
TNST205,20-Mar-19,831
TNST205,20-Jul-19,576
TNST205,20-Aug-17,576
TNST205,21-Aug-16,556
TNST205,22-Apr-18,588
TNST205,22-Apr-18,588
TNST205,22-Oct-17,585
TNST205,24-Jan-17,565
TNST205,24-Jul-16,576
TNST205,24-Sep-15,576
TNST205,25-May-16,589
TNST205,25-Nov-18,598
TNST205,26-Apr-17,598
TNST205,26-Jul-18,549
TNST205,27-Mar-19,553
TNST205,27-Mar-19,1008
TNST205,27-Jun-17,641
TNST205,28-Aug-18,589
TNST205,29-Jan-19,552
TNST205,29-Jul-16,552
TNST205,29-Jul-19,641
TNST205,29-Oct-18,588
TNST205,29-Nov-19,487
TNST205,29-Nov-19,487
TNST205,30-Mar-18,641
TNST205,30-Dec-18,588
TNST205,30-Dec-18,585
TNST205,31-Jul-18,641
TNST207,02-Jan-19,557
TNST207,03-Jan-18,589
TNST207,08-Jan-18,556
TNST207,08-Jan-18,557
TNST207,02-Feb-19,556
TNST207,02-Feb-19,557
TNST207,02-Feb-19,551
TNST207,03-Feb-18,641
TNST207,03-Feb-19,554
TNST207,04-Feb-19,589
TNST207,05-Feb-17,899
TNST207,09-Feb-18,589
TNST207,02-Mar-17,554
TNST207,02-Mar-19,1048
TNST207,10-Mar-18,576
TNST207,10-Mar-18,563
TNST207,03-Apr-19,790
TNST207,08-Apr-16,563
TNST207,03-May-19,576
TNST207,03-May-19,585
TNST207,03-May-19,553
TNST207,03-Jun-19,1050
TNST207,01-Jul-18,626
TNST207,03-Jul-17,641
TNST207,04-Aug-19,620
TNST207,09-Aug-15,599
TNST207,08-Sep-15,582
TNST207,11-Sep-17,563
TNST207,11-Sep-18,583
TNST207,07-Oct-19,1128
TNST207,03-Nov-18,641
TNST207,07-Nov-17,551
TNST207,07-Nov-19,1038
TNST207,04-Dec-17,548
TNST207,07-Dec-19,790
TNST207,10-Dec-18,563
TNST207,12-Dec-17,556
TNST207,13-Jan-17,567
TNST207,13-Apr-17,548
TNST207,13-Sep-18,586
TNST207,14-Jan-19,556
TNST207,14-May-19,790
TNST207,14-Dec-17,641
TNST207,14-Dec-17,588
TNST207,15-Aug-19,583
TNST207,15-Oct-19,554
TNST207,15-Oct-19,554
TNST207,15-Oct-19,845
TNST207,16-Jul-19,593
TNST207,16-Jul-19,554
TNST207,16-Sep-15,626
TNST207,16-Sep-15,626
TNST207,16-Sep-15,553
TNST207,16-Sep-18,585
TNST207,16-Nov-16,641
TNST207,18-Feb-18,553
TNST207,18-May-18,598
TNST207,18-Aug-19,1074
TNST207,18-Oct-17,583
TNST207,19-Apr-19,588
TNST207,19-Jul-18,641
TNST207,19-Aug-18,556
TNST207,20-Apr-19,1050
TNST207,20-Jun-18,550
TNST207,21-Jul-18,641
TNST207,22-Feb-17,581
TNST207,22-Feb-17,550
TNST207,22-Aug-19,577
TNST207,22-Nov-19,790
TNST207,22-Dec-16,837
TNST207,23-Mar-17,641
TNST207,23-Dec-17,585
TNST207,23-Dec-19,831
TNST207,24-May-19,566
TNST207,24-Sep-18,598
TNST207,25-May-19,641
TNST207,25-Sep-15,564
TNST207,25-Oct-17,588
TNST207,26-May-18,588
TNST207,26-May-19,1050
TNST207,26-Sep-19,582
TNST207,27-Jul-18,549
TNST207,27-Dec-17,585
TNST207,28-May-19,641
TNST207,28-Sep-16,641
TNST207,29-Jun-16,583
TNST207,30-Oct-17,895
TNST207,30-Oct-19,593
TNST207,31-Dec-19,564
TNST209,04-Jan-19,899
TNST209,07-Jan-19,554
TNST209,06-Feb-18,554
TNST209,03-Mar-19,1050
TNST209,09-Mar-15,607
TNST209,09-Mar-16,596
TNST209,01-May-18,566
TNST209,09-May-19,554
TNST209,02-Jun-19,583
TNST209,05-Jun-17,556
TNST209,08-Aug-16,547
TNST209,09-Aug-16,563
TNST209,09-Sep-15,583
TNST209,12-Oct-18,564
TNST209,12-Oct-19,844
TNST209,10-Nov-17,548
TNST209,04-Dec-18,555
TNST209,04-Dec-18,589
TNST209,04-Dec-19,549
TNST209,05-Dec-18,556
TNST209,08-Dec-15,554
TNST209,09-Dec-19,620
TNST209,09-Dec-19,1050
TNST209,13-Feb-18,641
TNST209,13-May-18,549
TNST209,13-May-19,790
TNST209,13-Aug-16,563
TNST209,13-Aug-16,553
TNST209,14-Jul-16,549
TNST209,14-Jul-19,620
TNST209,14-Oct-18,564
TNST209,15-Jul-16,553
TNST209,15-Jul-17,551
TNST209,15-Jul-18,641
TNST209,16-Mar-19,563
TNST209,17-Jul-18,583
TNST209,17-Oct-17,588
TNST209,18-Aug-16,583
TNST209,19-Aug-19,558
TNST209,19-Oct-19,1074
TNST209,21-Jun-17,626
TNST209,21-Aug-15,563
TNST209,22-Feb-19,583
TNST209,22-Aug-17,899
TNST209,22-Oct-16,577
TNST209,23-Jun-17,626
TNST209,23-Nov-17,553
TNST209,23-Nov-17,576
TNST209,25-May-18,588
TNST209,25-Jun-18,576
TNST209,26-Jan-19,554
TNST209,27-Apr-17,557
TNST209,27-Jun-17,626
TNST209,27-Aug-15,583
TNST209,27-Aug-15,547
TNST209,27-Aug-17,561
TNST209,27-Sep-19,620
TNST209,27-Oct-18,583
TNST209,27-Oct-19,554
TNST209,28-Jul-18,563
TNST209,28-Sep-15,558
TNST209,29-Jun-17,589
TNST209,29-Jul-17,604
TNST209,30-Mar-19,559
TNST209,30-Jun-19,563
TNST209,30-Nov-19,563
TNST210,01-Feb-17,553
TNST210,06-Feb-19,1050
TNST210,08-Feb-19,563
TNST210,04-Mar-19,790
TNST210,05-Mar-19,558
TNST210,05-Apr-18,641
TNST210,08-Apr-17,598
TNST210,12-Apr-18,588
TNST210,08-May-17,641
TNST210,02-Jun-19,557
TNST210,04-Jun-19,583
TNST210,06-Jun-19,555
TNST210,07-Jun-16,550
TNST210,01-Jul-17,588
TNST210,08-Jul-16,549
TNST210,11-Jul-18,588
TNST210,03-Aug-19,588
TNST210,05-Aug-18,589
TNST210,05-Aug-19,895
TNST210,07-Aug-16,425
TNST210,09-Aug-16,583
TNST210,03-Sep-19,556
TNST210,08-Sep-18,556
TNST210,10-Sep-19,556
TNST210,06-Oct-18,583
TNST210,01-Nov-17,596
TNST210,05-Nov-18,556
TNST210,07-Nov-16,556
TNST210,03-Dec-19,556
TNST210,13-Feb-17,588
TNST210,14-Mar-18,548
TNST210,14-Aug-15,549
TNST210,16-Jul-19,554
TNST210,17-Mar-18,548
TNST210,17-Apr-19,487
TNST210,17-Jun-16,620
TNST210,17-Jun-16,554
TNST210,17-Aug-15,564
TNST210,17-Aug-17,557
TNST210,18-Aug-16,551
TNST210,18-Aug-17,580
TNST210,18-Aug-18,588
TNST210,20-Jan-19,554
TNST210,20-Jan-19,554
TNST210,20-Aug-18,641
TNST210,20-Sep-17,588
TNST210,20-Oct-19,1139
TNST210,21-Aug-17,567
TNST210,22-May-18,558
TNST210,22-May-18,553
TNST210,22-Nov-18,585
TNST210,23-Jan-17,554
TNST210,23-Apr-19,563
TNST210,23-Jul-19,1038
TNST210,23-Aug-18,598
TNST210,24-Jan-19,588
TNST210,24-Mar-17,583
TNST210,24-Jul-19,893
TNST210,24-Jul-19,557
TNST210,24-Jul-19,588
TNST210,24-Oct-18,641
TNST210,25-Jan-19,550
TNST210,25-Dec-17,553
TNST210,26-Feb-19,550
TNST210,26-Apr-19,551
TNST210,27-Jun-16,553
TNST210,28-Jun-18,555
TNST210,28-Aug-18,557
TNST210,28-Sep-19,583
TNST210,28-Nov-16,583
TNST210,29-Jul-18,563
TNST210,29-Jul-19,641
TNST210,30-May-17,588
TNST210,30-Jun-18,588
TNST210,30-Nov-16,588
TNST210,31-Aug-19,641
TNST210,31-Aug-19,557
TNST210,31-Oct-19,583
TNST211,07-Feb-17,589
TNST211,09-Mar-19,583
TNST211,09-Mar-19,583
TNST211,05-Apr-17,549
TNST211,10-Apr-17,554
TNST211,10-Apr-17,576
TNST211,11-Apr-15,556
TNST211,11-Apr-18,844
TNST211,05-Jul-17,553
TNST211,09-Jul-19,641
TNST211,09-Jul-19,1048
TNST211,10-Jul-17,576
TNST211,01-Aug-17,585
TNST211,06-Aug-18,558
TNST211,09-Aug-15,425
TNST211,09-Aug-18,641
TNST211,10-Aug-17,641
TNST211,11-Aug-18,548
TNST211,12-Aug-18,604
TNST211,12-Aug-18,487
TNST211,05-Sep-18,589
TNST211,10-Sep-17,641
TNST211,02-Oct-18,641
TNST211,02-Oct-19,1053
TNST211,04-Oct-18,567
TNST211,08-Oct-17,598
TNST211,09-Oct-19,559
TNST211,10-Nov-17,556
TNST211,10-Nov-19,1080
TNST211,11-Dec-18,564
TNST211,14-Apr-19,585
TNST211,14-Aug-15,554
TNST211,15-Jun-16,583
TNST211,15-Jul-19,554
TNST211,15-Aug-18,556
TNST211,16-May-17,549
TNST211,17-Jan-17,837
TNST211,17-Jan-19,553
TNST211,17-Aug-18,425
TNST211,17-Nov-19,555
TNST211,17-Dec-16,551
TNST211,18-Aug-18,548
TNST211,18-Aug-18,554
TNST211,19-Aug-18,583
TNST211,20-Oct-16,583
TNST211,20-Nov-18,549
TNST211,22-Jul-16,553
TNST211,22-Jul-16,556
TNST211,22-Aug-19,1048
TNST211,23-May-19,548
TNST211,24-Feb-19,790
TNST211,24-Sep-15,554
TNST211,27-Jan-19,589
TNST211,27-Feb-19,915
TNST211,27-May-18,641
TNST211,27-Oct-17,598
TNST211,27-Dec-17,588
TNST211,28-Jan-19,589
TNST211,29-Sep-15,550
TNST211,31-Mar-19,845
TNST212,08-Jan-17,588
TNST212,09-Mar-16,596
TNST212,09-Mar-19,626
TNST212,11-Mar-18,553
TNST212,02-Jun-19,555
TNST212,08-Jun-19,790
TNST212,02-Jul-19,549
TNST212,01-Sep-17,549
TNST212,06-Sep-17,548
TNST212,02-Oct-17,554
TNST212,02-Oct-17,583
TNST212,07-Oct-19,563
TNST212,11-Oct-18,895
TNST212,03-Nov-17,553
TNST212,03-Dec-19,589
TNST212,05-Dec-17,790
TNST212,08-Dec-18,549
TNST212,13-May-19,607
TNST212,14-Apr-19,1050
TNST212,15-Jan-19,583
TNST212,15-Aug-19,552
TNST212,16-Jan-17,583
TNST212,16-Aug-15,576
TNST212,17-Apr-18,585
TNST212,18-Apr-17,554
TNST212,19-Dec-19,1074
TNST212,21-Oct-19,598
TNST212,21-Oct-19,487
TNST212,24-Jan-18,583
TNST212,24-Nov-18,790
TNST212,25-Jan-17,837
TNST212,25-Mar-19,548
TNST212,25-Jun-18,626
TNST212,25-Sep-19,844
TNST212,26-Jan-18,641
TNST212,26-May-18,790
TNST212,26-Jun-18,552
TNST212,27-Feb-19,641
TNST212,27-Apr-17,553
TNST212,28-Jan-19,548
TNST212,28-Aug-18,588
TNST212,29-Apr-19,563
TNST212,29-Jun-16,553
TNST212,29-Aug-19,641
TNST212,29-Nov-19,596
TNST212,30-Mar-19,593
TNST212,30-May-16,583
TNST212,30-May-19,790
TNST212,30-Jul-17,583
TNST212,31-Mar-17,577
TNST212,31-May-18,585
TNST212,31-Aug-15,554
TNST213,08-Jan-18,556
TNST213,10-Jan-17,554
TNST213,03-Feb-17,565
TNST213,09-Feb-18,588
TNST213,08-Apr-19,620
TNST213,10-Apr-15,487
TNST213,01-May-19,487
TNST213,01-May-19,588
TNST213,04-May-19,563
TNST213,05-May-18,620
TNST213,03-Jul-19,588
TNST213,04-Jul-17,583
TNST213,06-Aug-18,556
TNST213,04-Sep-18,582
TNST213,03-Oct-17,557
TNST213,05-Oct-18,577
TNST213,11-Oct-19,899
TNST213,01-Nov-17,581
TNST213,05-Nov-17,586
TNST213,07-Nov-17,552
TNST213,10-Nov-16,557
TNST213,06-Dec-18,585
TNST213,10-Dec-16,553
TNST213,13-Jan-17,549
TNST213,15-Mar-19,549
TNST213,15-Dec-18,555
TNST213,16-May-18,588
TNST213,16-May-18,588
TNST213,17-Jul-19,899
TNST213,17-Aug-19,588
TNST213,18-Feb-17,552
TNST213,18-Mar-17,580
TNST213,18-May-19,563
TNST213,18-Aug-19,588
TNST213,18-Dec-18,554
TNST213,19-Feb-17,553
TNST213,19-May-19,641
TNST213,19-Aug-15,598
TNST213,19-Nov-18,641
TNST213,20-Jun-19,588
TNST213,20-Nov-18,576
TNST213,21-Apr-17,487
TNST213,21-Aug-16,563
TNST213,21-Nov-19,563
TNST213,23-Jan-17,589
TNST213,23-Jan-17,589
TNST213,23-Dec-18,576
TNST213,24-Jan-18,641
TNST213,24-May-16,626
TNST213,24-Jun-17,553
TNST213,24-Sep-19,1053
TNST213,24-Oct-17,588
TNST213,24-Oct-19,556
TNST213,25-Feb-19,552
TNST213,25-Jun-19,1053
TNST213,25-Aug-15,555
TNST213,26-Aug-15,588
TNST213,26-Sep-17,626
TNST213,27-Aug-19,1050
TNST213,28-Feb-18,583
TNST213,29-Sep-18,583
TNST213,30-May-16,577
TNST213,30-May-16,626
TNST213,31-Oct-19,641
TNST214,08-Jan-19,583
TNST214,12-Jan-18,556
TNST214,02-Feb-17,588
TNST214,06-Feb-18,556
TNST214,09-Feb-16,547
TNST214,09-Feb-16,551
TNST214,09-Apr-19,596
TNST214,03-May-19,583
TNST214,09-May-18,556
TNST214,06-Jul-18,553
TNST214,06-Jul-18,558
TNST214,06-Jul-18,790
TNST214,03-Aug-19,641
TNST214,12-Aug-19,563
TNST214,03-Sep-17,550
TNST214,03-Sep-17,604
TNST214,03-Sep-17,550
TNST214,08-Sep-16,563
TNST214,09-Oct-19,553
TNST214,10-Oct-17,588
TNST214,02-Nov-19,641
TNST214,03-Nov-17,641
TNST214,09-Dec-16,583
TNST214,10-Dec-17,554
TNST214,13-Apr-18,641
TNST214,13-May-18,577
TNST214,13-Jun-19,548
TNST214,14-Apr-18,583
TNST214,14-Aug-18,599
TNST214,14-Oct-17,583
TNST214,14-Nov-15,589
TNST214,15-Feb-18,641
TNST214,15-Oct-18,553
TNST214,16-Feb-17,487
TNST214,16-Mar-17,547
TNST214,16-Dec-16,837
TNST214,17-Mar-17,598
TNST214,17-Sep-19,1074
TNST214,18-Feb-19,593
TNST214,18-Nov-17,583
TNST214,19-Aug-15,593
TNST214,20-Jul-19,1115
TNST214,20-Oct-17,596
TNST214,21-Feb-17,583
TNST214,21-Jun-19,920
TNST214,21-Aug-19,641
TNST214,21-Aug-19,641
TNST214,22-Jul-19,620
TNST214,22-Nov-18,549
TNST214,23-Jun-17,641
TNST214,23-Oct-18,588
TNST214,23-Nov-19,560
TNST214,24-Sep-19,847
TNST214,25-Aug-18,588
TNST214,25-Oct-18,588
TNST214,26-Jun-16,626
TNST214,27-Aug-19,554
TNST214,28-Jan-19,844
TNST214,28-Mar-18,583
TNST214,28-Mar-18,583
TNST214,28-May-16,583
TNST214,28-Jul-16,598
TNST214,28-Aug-15,553
TNST214,29-Jan-19,641
TNST214,29-May-19,560
TNST214,29-Jun-17,895
TNST214,29-Nov-18,556
TNST214,29-Nov-19,1050
TNST214,30-May-16,583
TNST214,30-Nov-18,583
TNST214,30-Nov-18,554
TNST214,31-Aug-17,565
TNST215,01-Jan-18,567
TNST215,02-Jan-17,581
TNST215,02-Jan-17,554
TNST215,06-Jan-16,567
TNST215,02-Feb-19,556
TNST215,07-Feb-19,563
TNST215,07-Feb-19,588
TNST215,04-Mar-17,598
TNST215,09-Mar-19,626
TNST215,02-Apr-18,550
TNST215,07-Apr-16,554
TNST215,09-Apr-15,554
TNST215,09-Apr-18,576
TNST215,09-Apr-19,588
TNST215,09-Apr-19,588
TNST215,05-May-18,641
TNST215,09-May-16,583
TNST215,09-May-16,557
TNST215,05-Jun-19,554
TNST215,05-Jun-19,581
TNST215,06-Jun-16,554
TNST215,10-Jun-18,555
TNST215,02-Jul-18,641
TNST215,12-Jul-17,641
TNST215,12-Jul-17,567
TNST215,12-Jul-19,1008
TNST215,02-Aug-17,581
TNST215,12-Aug-19,1038
TNST215,06-Sep-16,598
TNST215,05-Oct-19,554
TNST215,08-Oct-19,831
TNST215,10-Oct-18,553
TNST215,01-Nov-19,588
TNST215,02-Nov-19,1053
TNST215,02-Nov-19,553
TNST215,08-Nov-16,588
TNST215,12-Nov-19,567
TNST215,07-Dec-19,1074
TNST215,09-Dec-16,557
TNST215,09-Dec-19,588
TNST215,13-Aug-16,554
TNST215,14-Jan-18,641
TNST215,15-Feb-19,596
TNST215,15-Jun-19,831
TNST215,16-Mar-19,1074
TNST215,16-Apr-18,641
TNST215,16-Apr-18,589
TNST215,17-Mar-19,563
TNST215,19-Mar-19,1080
TNST215,20-Aug-15,599
TNST215,20-Aug-15,551
TNST215,20-Nov-17,553
TNST215,22-Aug-19,487
TNST215,22-Sep-19,551
TNST215,23-Jun-19,1128
TNST215,24-Sep-19,1008
TNST215,24-Sep-19,1053
TNST215,25-Aug-19,547
TNST215,25-Sep-19,847
TNST215,26-Jul-19,588
TNST215,26-Nov-19,560
TNST215,27-Jan-19,585
TNST215,28-Jul-19,588
TNST215,28-Jul-19,1104
TNST215,28-Sep-17,554
TNST215,29-Nov-17,554
TNST215,30-Dec-17,567
TNST215,31-Mar-18,553
TNST216,04-Jan-18,554
TNST216,10-Jan-16,561
TNST216,09-Feb-18,566
TNST216,10-Apr-19,563
TNST216,04-May-19,577
TNST216,04-Jun-18,583
TNST216,05-Jul-19,1074
TNST216,06-Jul-18,556
TNST216,12-Aug-17,585
TNST216,12-Aug-17,641
TNST216,06-Sep-18,577
TNST216,03-Oct-19,790
TNST216,08-Oct-19,790
TNST216,04-Nov-18,583
TNST216,05-Nov-19,553
TNST216,02-Dec-16,765
TNST216,09-Dec-18,588
TNST216,14-Mar-18,548
TNST216,14-Mar-18,548
TNST216,14-Jun-18,554
TNST216,14-Aug-19,563
TNST216,15-Dec-16,557
TNST216,16-Jan-18,556
TNST216,16-Jun-16,557
TNST216,16-Aug-19,558
TNST216,17-Sep-19,553
TNST216,17-Oct-18,583
TNST216,18-Mar-18,556
TNST216,19-Nov-19,554
TNST216,19-Dec-16,588
TNST216,19-Dec-16,626
TNST216,20-Feb-17,581
TNST216,20-Mar-19,1038
TNST216,20-Jun-17,837
TNST216,21-Jul-17,837
TNST216,21-Aug-15,553
TNST216,21-Dec-18,563
TNST216,22-Dec-18,831
TNST216,23-Jan-18,556
TNST216,23-Oct-19,1038
TNST216,24-Jan-16,558
TNST216,25-Jan-16,425
TNST216,25-Aug-17,549
TNST216,26-Jun-17,586
TNST216,27-Mar-17,641
TNST216,28-Jan-17,487
TNST216,28-Feb-18,577
TNST216,28-May-17,588
TNST216,28-Aug-16,557
TNST216,28-Oct-19,550
TNST216,29-Jan-19,425
TNST216,29-Jun-16,598
TNST216,29-Aug-19,1048
TNST216,29-Dec-16,553
TNST216,30-May-17,901
TNST216,30-May-19,560
TNST216,31-Mar-19,425
TNST216,31-Dec-19,1050
TNST217,11-Jan-15,604
TNST217,02-Feb-18,626
TNST217,04-Mar-19,915
TNST217,11-Mar-19,588
TNST217,12-Mar-16,581
TNST217,06-Apr-16,588
TNST217,02-Jun-18,641
TNST217,10-Jun-18,588
TNST217,10-Jun-19,585
TNST217,04-Jul-19,553
TNST217,05-Jul-18,604
TNST217,08-Jul-17,588
TNST217,09-Aug-15,593
TNST217,09-Aug-15,563
TNST217,09-Aug-15,554
TNST217,10-Aug-18,556
TNST217,10-Aug-19,1050
TNST217,06-Oct-18,588
TNST217,08-Oct-18,641
TNST217,03-Nov-19,487
TNST217,05-Nov-19,1050
TNST217,08-Nov-16,559
TNST217,15-Aug-18,598
TNST217,15-Sep-19,556
TNST217,15-Sep-19,1150
TNST217,15-Nov-19,487
TNST217,16-Mar-17,583
TNST217,18-Sep-19,565
TNST217,19-Sep-18,556
TNST217,20-Jun-16,554
TNST217,20-Sep-15,549
TNST217,20-Dec-17,641
TNST217,21-Jan-16,599
TNST217,21-Jul-19,554
TNST217,21-Aug-16,583
TNST217,21-Aug-16,583
TNST217,22-Feb-18,641
TNST217,22-Jul-18,589
TNST217,22-Aug-16,563
TNST217,22-Aug-19,557
TNST217,22-Sep-15,548
TNST217,23-Mar-17,567
TNST217,23-Jul-18,554
TNST217,24-Dec-17,549
TNST217,25-Aug-19,588
TNST217,25-Aug-19,553
TNST217,27-Jun-18,585
TNST217,27-Aug-18,837
TNST217,27-Oct-18,581
TNST217,27-Nov-19,425
TNST217,29-Jul-16,554
TNST217,30-Mar-18,641
TNST217,30-Jul-19,899
TNST217,30-Aug-15,554
TNST217,30-Aug-18,641
TNST217,30-Sep-15,596
TNST217,30-Sep-15,554
TNST217,30-Dec-18,589
TNST217,30-Dec-19,551
TNST218,06-Jan-16,553
TNST218,06-Jan-18,556
TNST218,06-Jan-18,583
TNST218,09-Jan-18,585
TNST218,12-Jan-18,585
TNST218,07-Feb-19,553
TNST218,02-Mar-17,553
TNST218,03-Mar-17,551
TNST218,10-Mar-17,598
TNST218,05-Apr-17,588
TNST218,08-Apr-16,553
TNST218,08-Apr-17,641
TNST218,12-Apr-19,844
TNST218,11-May-19,559
TNST218,11-May-19,487
TNST218,02-Jun-17,588
TNST218,02-Jun-19,549
TNST218,07-Jul-17,641
TNST218,09-Jul-15,563
TNST218,07-Aug-18,556
TNST218,09-Aug-19,899
TNST218,04-Oct-18,551
TNST218,06-Dec-18,553
TNST218,13-Apr-18,551
TNST218,13-May-17,895
TNST218,14-Nov-18,548
TNST218,16-Jan-17,895
TNST218,16-Jul-16,557
TNST218,16-Jul-19,1074
TNST218,17-Mar-19,551
TNST218,17-Mar-19,1053
TNST218,17-Aug-19,552
TNST218,18-Mar-19,588
TNST218,19-Feb-18,585
TNST218,20-Jun-19,641
TNST218,20-Jul-16,563
TNST218,20-Aug-19,844
TNST218,20-Aug-19,552
TNST218,20-Oct-18,551
TNST218,20-Oct-19,790
TNST218,21-Sep-19,790
TNST218,23-Jul-17,641
TNST218,23-Dec-19,1008
TNST218,24-Mar-18,581
TNST218,24-Apr-18,583
TNST218,24-Apr-18,556
TNST218,24-Apr-18,583
TNST218,25-Aug-15,580
TNST218,26-Jun-19,553
TNST218,26-Dec-17,585
TNST218,27-Mar-19,589
TNST218,27-Apr-19,1104
TNST218,28-May-16,589
TNST218,28-Aug-15,553
TNST218,29-Nov-18,585
TNST218,30-Jan-17,553
TNST218,30-May-18,567
TNST218,30-Aug-17,607
TNST218,30-Nov-17,588
TNST218,30-Nov-19,425
TNST219,05-Jan-17,549
TNST219,08-Feb-17,641
TNST219,01-Mar-18,554
TNST219,06-Mar-18,547
TNST219,05-Apr-19,552
TNST219,09-Apr-15,554
TNST219,08-Jun-17,626
TNST219,10-Jun-15,554
TNST219,12-Jun-18,553
TNST219,02-Jul-17,641
TNST219,12-Aug-19,641
TNST219,01-Sep-19,641
TNST219,08-Sep-17,553
TNST219,07-Oct-18,596
TNST219,08-Oct-17,641
TNST219,11-Oct-18,583
TNST219,08-Nov-16,553
TNST219,12-Nov-19,588
TNST219,10-Dec-15,553
TNST219,10-Dec-15,604
TNST219,12-Dec-19,844
TNST219,13-Jun-19,589
TNST219,15-Oct-18,581
TNST219,16-May-19,555
TNST219,16-Aug-18,548
TNST219,18-Feb-18,588
TNST219,18-Apr-18,557
TNST219,18-Jul-17,586
TNST219,20-Aug-19,589
TNST219,21-Apr-18,641
TNST219,21-Jul-16,549
TNST219,21-Dec-18,583
TNST219,21-Dec-18,641
TNST219,22-Mar-19,556
TNST219,22-May-19,548
TNST219,22-Jun-17,556
TNST219,23-Feb-17,899
TNST219,23-Feb-19,580
TNST219,23-Feb-19,563
TNST219,23-Apr-17,583
TNST219,24-Feb-17,580
TNST219,25-Jan-17,837
TNST219,25-Aug-15,604
TNST219,25-Aug-18,556
TNST219,26-Apr-19,555
TNST219,27-Mar-18,563
TNST219,27-Aug-15,607
TNST219,27-Aug-18,549
TNST219,28-Jun-18,563
TNST219,28-Aug-16,790
TNST219,29-Jan-19,559
TNST219,30-Sep-18,563
TNST219,31-May-19,915
TNST225,04-Jan-18,585
TNST225,08-Jan-18,588
TNST225,01-Feb-17,844
TNST225,05-Feb-17,566
TNST225,02-Mar-17,550
TNST225,03-Mar-18,556
TNST225,05-Apr-17,641
TNST225,05-Apr-19,561
TNST225,08-Apr-19,641
TNST225,08-Apr-19,641
TNST225,10-Apr-18,556
TNST225,06-May-18,558
TNST225,06-May-19,585
TNST225,02-Jun-19,553
TNST225,09-Jun-15,588
TNST225,09-Jun-19,558
TNST225,02-Jul-19,620
TNST225,09-Jul-18,556
TNST225,10-Jul-17,588
TNST225,10-Jul-17,583
TNST225,05-Aug-18,589
TNST225,09-Aug-19,626
TNST225,02-Sep-17,641
TNST225,08-Sep-19,556
TNST225,09-Oct-18,588
TNST225,09-Oct-19,641
TNST225,08-Nov-17,641
TNST225,10-Nov-17,585
TNST225,01-Dec-17,553
TNST225,04-Dec-18,548
TNST225,05-Dec-18,589
TNST225,05-Dec-18,598
TNST225,06-Dec-19,588
TNST225,13-Apr-17,549
TNST225,13-Jun-19,831
TNST225,13-Sep-16,583
TNST225,15-Apr-19,1008
TNST225,15-Dec-16,559
TNST225,16-May-19,790
TNST225,16-Sep-15,588
TNST225,17-Apr-18,556
TNST225,17-Aug-18,641
TNST225,17-Aug-18,641
TNST225,17-Dec-16,581
TNST225,18-Apr-17,598
TNST225,18-Apr-17,598
TNST225,18-Jun-16,550
TNST225,19-Jan-16,556
TNST225,20-Sep-16,550
TNST225,21-Feb-17,583
TNST225,21-Apr-19,548
TNST225,21-Apr-19,561
TNST225,21-Sep-19,585
TNST225,21-Oct-18,567
TNST225,21-Nov-19,790
TNST225,22-Jan-17,563
TNST225,22-Jan-17,564
TNST225,22-Feb-19,604
TNST225,22-Feb-19,556
TNST225,22-Nov-19,1097
TNST225,22-Dec-16,581
TNST225,24-Jul-17,554
TNST225,24-Aug-17,554
TNST225,24-Aug-17,580
TNST225,24-Sep-17,588
TNST225,24-Oct-19,1050
TNST225,24-Dec-16,559
TNST225,24-Dec-18,549
TNST225,25-Jan-17,588
TNST225,25-Jul-19,559
TNST225,25-Dec-16,895
TNST225,26-May-16,588
TNST225,26-Jun-18,604
TNST225,26-Jul-16,588
TNST225,27-Jun-18,920
TNST225,28-May-17,641
TNST225,28-Jun-18,581
TNST225,28-Aug-19,589
TNST225,29-Aug-19,556
TNST225,29-Nov-17,588
TNST225,31-Jan-19,554
TNST225,31-Jan-19,641
TNST225,31-Mar-19,556
TNST226,01-Feb-17,581
TNST226,01-Feb-19,548
TNST226,09-Feb-19,626
TNST226,07-Mar-18,556
TNST226,03-Apr-19,589
TNST226,08-Apr-19,554
TNST226,09-Apr-16,551
TNST226,09-Apr-16,576
TNST226,09-Apr-16,558
TNST226,09-Apr-16,553
TNST226,04-Jun-19,641
TNST226,06-Jul-18,577
TNST226,07-Jul-19,641
TNST226,10-Jul-19,585
TNST226,02-Aug-17,893
TNST226,08-Aug-17,588
TNST226,04-Sep-17,563
TNST226,09-Sep-15,553
TNST226,09-Sep-16,551
TNST226,10-Sep-15,553
TNST226,10-Sep-18,790
TNST226,06-Oct-17,641
TNST226,07-Oct-19,567
TNST226,12-Oct-17,553
TNST226,11-Nov-18,576
TNST226,11-Dec-18,588
TNST226,13-May-19,555
TNST226,13-Aug-18,556
TNST226,13-Oct-18,583
TNST226,13-Oct-18,641
TNST226,14-Jan-17,589
TNST226,14-Mar-18,583
TNST226,14-Mar-18,557
TNST226,14-Jul-18,554
TNST226,14-Jul-18,563
TNST226,14-Jul-19,596
TNST226,14-Oct-18,567
TNST226,15-Feb-17,589
TNST226,15-Apr-18,563
TNST226,16-Mar-18,598
TNST226,16-Apr-19,563
TNST226,16-May-18,598
TNST226,16-Jul-19,550
TNST226,16-Oct-15,607
TNST226,18-Dec-17,598
TNST226,19-May-16,557
TNST226,19-Nov-18,548
TNST226,19-Nov-18,920
TNST226,19-Dec-19,553
TNST226,20-Mar-18,598
TNST226,20-Jul-19,847
TNST226,20-Dec-18,566
TNST226,21-May-18,551
TNST226,21-Aug-18,552
TNST226,21-Aug-18,548
TNST226,21-Sep-15,626
TNST226,21-Sep-16,425
TNST226,22-Sep-19,553
TNST226,22-Dec-17,556
TNST226,23-May-16,589
TNST226,23-Aug-19,790
TNST226,23-Sep-16,551
TNST226,23-Sep-18,790
TNST226,23-Sep-18,790
TNST226,23-Oct-17,585
TNST226,24-Nov-18,585
TNST226,25-Jan-17,837
TNST226,25-Sep-16,551
TNST226,25-Oct-17,588
TNST226,26-Jan-17,564
TNST226,26-Jun-16,585
TNST226,26-Jun-16,548
TNST226,26-Sep-19,577
TNST226,27-Apr-17,557
TNST226,27-Apr-19,561
TNST226,27-Jun-19,620
TNST226,28-Jun-16,620
TNST226,29-Mar-18,563
TNST226,29-Sep-18,548
TNST226,29-Nov-19,580
TNST226,29-Nov-19,844
TNST226,29-Dec-19,1050
TNST226,30-Nov-19,641
TNST226,31-Jul-19,899
TNST227,04-Jan-18,577
TNST227,08-Jan-17,589
TNST227,11-Feb-19,563
TNST227,04-Mar-18,589
TNST227,05-Apr-18,553
TNST227,08-Apr-19,1101
TNST227,09-Apr-15,576
TNST227,07-May-19,583
TNST227,08-May-17,588
TNST227,08-Jun-16,551
TNST227,03-Aug-19,553
TNST227,09-Aug-18,567
TNST227,01-Oct-18,583
TNST227,06-Oct-19,641
TNST227,08-Oct-18,556
TNST227,12-Oct-17,604
TNST227,02-Nov-16,588
TNST227,04-Dec-17,626
TNST227,08-Dec-17,588
TNST227,13-Aug-19,583
TNST227,14-Sep-15,565
TNST227,14-Sep-16,556
TNST227,14-Oct-18,588
TNST227,14-Oct-18,588
TNST227,15-Jun-19,844
TNST227,15-Jun-19,790
TNST227,16-Oct-15,555
TNST227,17-Aug-17,588
TNST227,18-Jul-17,583
TNST227,18-Dec-18,583
TNST227,19-May-18,553
TNST227,19-May-18,641
TNST227,19-Jul-17,552
TNST227,19-Nov-18,550
TNST227,20-Feb-17,581
TNST227,20-Feb-17,565
TNST227,20-Apr-19,641
TNST227,21-Feb-17,567
TNST227,21-Dec-16,598
TNST227,22-Oct-19,920
TNST227,22-Oct-19,583
TNST227,23-May-17,554
TNST227,23-Aug-19,1050
TNST227,23-Sep-16,641
TNST227,24-Mar-19,553
TNST227,25-Nov-19,1008
TNST227,26-Jan-17,551
TNST227,26-May-16,553
TNST227,27-Apr-18,604
TNST227,27-Aug-16,583
TNST227,27-Sep-15,548
TNST227,29-Jan-17,565
TNST227,29-Oct-17,554
TNST227,29-Oct-19,582
TNST227,30-Jul-19,576
TNST227,30-Aug-16,585
TNST227,31-Jan-16,576
TNST231,01-Jan-17,837
TNST231,03-Jan-17,556
TNST231,10-Jan-16,580
TNST231,11-Jan-19,553
TNST231,02-Feb-19,1053
TNST231,06-Feb-17,583
TNST231,08-Feb-18,556
TNST231,09-Feb-16,626
TNST231,10-Feb-19,554
TNST231,10-Feb-19,552
TNST231,07-Mar-19,588
TNST231,09-Mar-16,596
TNST231,07-Apr-18,790
TNST231,01-May-17,583
TNST231,10-May-18,641
TNST231,10-May-19,844
TNST231,02-Jun-19,641
TNST231,09-Jun-15,577
TNST231,11-Jun-16,589
TNST231,11-Jun-18,583
TNST231,08-Jul-18,641
TNST231,07-Aug-19,589
TNST231,02-Sep-19,831
TNST231,11-Sep-19,790
TNST231,02-Oct-18,555
TNST231,07-Oct-18,583
TNST231,10-Oct-17,641
TNST231,09-Nov-18,583
TNST231,10-Nov-15,550
TNST231,11-Nov-19,620
TNST231,04-Dec-17,589
TNST231,10-Dec-19,549
TNST231,13-Jul-16,626
TNST231,13-Nov-19,553
TNST231,14-Feb-19,554
TNST231,14-Nov-19,620
TNST231,15-May-17,583
TNST231,15-Sep-18,641
TNST231,16-Oct-16,598
TNST231,17-Jul-18,557
TNST231,19-Aug-19,565
TNST231,20-Sep-17,549
TNST231,21-Aug-16,583
TNST231,22-Jul-18,549
TNST231,22-Dec-16,553
TNST231,23-May-18,553
TNST231,24-Oct-18,641
TNST231,25-Jul-18,549
TNST231,26-Mar-19,790
TNST231,26-Jul-16,598
TNST231,26-Jul-18,561
TNST231,26-Oct-18,583
TNST231,27-May-17,583
TNST231,27-May-18,583
TNST231,27-Oct-18,552
TNST231,28-Jan-18,583
TNST231,28-Jun-16,566
TNST231,29-Jul-17,551
TNST231,29-Jul-18,626
TNST231,29-Aug-16,551
TNST231,29-Nov-18,565
TNST231,30-Jan-17,581
TNST231,30-Jan-17,566
TNST231,30-Jun-18,549
TNST231,30-Jun-18,549
TNST231,31-Jul-17,551
TNST234,07-Jan-18,589
TNST234,01-Feb-17,553
TNST234,05-Feb-18,561
TNST234,06-Feb-16,554
TNST234,06-Feb-19,790
TNST234,08-Feb-18,588
TNST234,11-Mar-16,577
TNST234,12-Mar-19,847
TNST234,04-May-18,558
TNST234,06-May-18,553
TNST234,09-May-17,548
TNST234,12-May-19,1097
TNST234,12-Jun-17,567
TNST234,11-Jul-19,641
TNST234,05-Aug-18,641
TNST234,03-Sep-18,556
TNST234,11-Sep-15,564
TNST234,02-Oct-16,588
TNST234,05-Oct-19,1074
TNST234,05-Nov-19,588
TNST234,10-Nov-19,1050
TNST234,03-Dec-19,588
TNST234,10-Dec-19,583
TNST234,13-Jan-18,588
TNST234,13-Feb-17,553
TNST234,13-Mar-17,585
TNST234,13-May-19,1050
TNST234,13-Jul-16,549
TNST234,13-Aug-18,554
TNST234,14-Aug-16,588
TNST234,14-Oct-18,554
TNST234,14-Oct-18,641
TNST234,15-Nov-16,554
TNST234,16-Apr-18,582
TNST234,16-Aug-17,641
TNST234,16-Oct-18,556
TNST234,17-Jan-17,565
TNST234,17-Apr-18,588
TNST234,17-Jun-17,598
TNST234,18-Feb-19,844
TNST234,19-Aug-19,1146
TNST234,19-Oct-19,1050
TNST234,19-Oct-19,577
TNST234,20-Feb-19,559
TNST234,20-May-16,583
TNST234,20-Jun-18,588
TNST234,21-Mar-19,583
TNST234,21-Oct-16,554
TNST234,21-Dec-18,583
TNST234,22-Jul-19,556
TNST234,22-Jul-19,589
TNST234,22-Nov-16,626
TNST234,23-Mar-18,641
TNST234,23-Mar-19,598
TNST234,23-Apr-18,548
TNST234,23-Nov-15,551
TNST234,25-May-18,425
TNST234,25-Jul-17,598
TNST234,25-Jul-18,552
TNST234,25-Jul-19,1101
TNST234,25-Sep-19,583
TNST234,26-Apr-18,556
TNST234,26-May-18,553
TNST234,26-Nov-19,915
TNST234,27-Oct-17,837
TNST234,28-Feb-19,1050
TNST234,28-Apr-17,641
TNST234,28-Apr-17,585
TNST234,28-May-18,549
TNST234,29-Jan-17,487
TNST234,29-Nov-18,641
TNST234,30-Jun-16,549
TNST234,30-Aug-19,583
TNST234,30-Nov-18,641
TNST234,31-Jul-18,585
TNST236,05-Jan-17,583
TNST236,05-Jan-18,641
TNST236,12-Jan-19,559
TNST236,01-Mar-19,549
TNST236,04-Mar-19,1006
TNST236,10-Mar-18,583
TNST236,09-Apr-16,596
TNST236,11-Apr-19,554
TNST236,02-May-17,558
TNST236,02-May-17,554
TNST236,02-May-17,558
TNST236,02-May-17,558
TNST236,04-Jun-17,583
TNST236,10-Jun-15,550
TNST236,01-Aug-18,554
TNST236,12-Aug-19,556
TNST236,02-Sep-17,559
TNST236,02-Sep-17,559
TNST236,02-Sep-17,559
TNST236,05-Sep-18,589
TNST236,01-Oct-18,549
TNST236,08-Oct-17,837
TNST236,10-Oct-18,554
TNST236,10-Oct-18,552
TNST236,03-Nov-19,620
TNST236,08-Nov-17,589
TNST236,10-Nov-18,790
TNST236,13-Jan-17,548
TNST236,13-Apr-17,585
TNST236,13-Apr-19,1050
TNST236,13-Oct-19,641
TNST236,13-Oct-19,1128
TNST236,15-Feb-19,564
TNST236,15-Oct-19,641
TNST236,15-Dec-19,1074
TNST236,16-Jan-19,589
TNST236,16-Aug-17,641
TNST236,18-Apr-18,585
TNST236,18-Nov-17,548
TNST236,18-Nov-18,641
TNST236,18-Dec-19,557
TNST236,20-May-16,589
TNST236,20-Jun-17,548
TNST236,20-Jul-19,790
TNST236,22-Apr-19,1074
TNST236,22-May-19,555
TNST236,22-May-19,554
TNST236,23-Jan-17,589
TNST236,23-Jan-17,589
TNST236,25-Mar-19,577
TNST236,25-Dec-16,561
TNST236,26-Jan-17,564
TNST236,26-Mar-19,790
TNST236,26-Aug-18,588
TNST236,27-Apr-17,577
TNST236,27-Sep-18,583
TNST236,27-Dec-19,577
TNST236,29-Jun-16,551
TNST236,29-Jul-17,561
TNST236,30-Apr-19,844
TNST236,30-Jun-18,583
TNST236,30-Jun-18,626
TNST236,30-Sep-17,586
TNST236,30-Sep-19,554
TNST236,30-Oct-19,588
TNST236,30-Oct-19,641
TNST236,31-Jan-16,556
TNST310,04-Jan-17,641
TNST310,06-Jan-18,583
TNST310,06-Feb-17,899
TNST310,10-Feb-19,552
TNST310,12-Feb-19,1050
TNST310,12-Feb-19,845
TNST310,02-Mar-17,487
TNST310,07-Mar-19,845
TNST310,02-Apr-17,561
TNST310,02-May-17,556
TNST310,01-Oct-19,557
TNST310,05-Dec-18,549
TNST310,12-Dec-17,554
TNST310,13-Jan-18,557
TNST310,15-Jan-17,549
TNST310,15-Jan-17,549
TNST310,15-May-18,558
TNST310,15-Aug-17,583
TNST310,16-Feb-19,845
TNST310,16-Nov-17,549
TNST310,19-Jun-19,598
TNST310,21-Jan-17,583
TNST310,23-Feb-19,577
TNST310,23-Aug-19,555
TNST310,24-Nov-18,566
TNST310,24-Dec-16,552
TNST310,26-May-19,790
TNST310,27-Jun-17,549
TNST310,29-Jun-18,487
TNST310,31-Aug-19,551
TNST311,05-Jan-19,1050
TNST311,07-Feb-18,585
TNST311,11-Feb-19,837
TNST311,07-Mar-18,549
TNST311,11-Mar-18,585
TNST311,01-Apr-17,549
TNST311,07-Apr-18,553
TNST311,12-Apr-19,553
TNST311,03-Jul-17,553
TNST311,10-Aug-17,549
TNST311,12-Sep-18,549
TNST311,08-Oct-18,425
TNST311,10-Oct-19,588
TNST311,02-Nov-18,837
TNST311,04-Nov-18,604
TNST311,10-Nov-19,598
TNST311,12-Nov-18,790
TNST311,02-Dec-19,554
TNST311,13-Jan-17,899
TNST311,13-Jul-19,620
TNST311,13-Aug-17,585
TNST311,14-Aug-17,554
TNST311,15-Mar-19,565
TNST311,15-Aug-19,598
TNST311,17-Feb-19,1050
TNST311,18-Jul-17,554
TNST311,19-Mar-19,1071
TNST311,20-Aug-19,1074
TNST311,20-Dec-19,567
TNST311,22-Jun-17,552
TNST311,24-Aug-19,547
TNST311,30-Jun-19,844
TNST311,30-Jul-19,577
TNST311,30-Oct-19,593
TNST311,31-Aug-19,555
TNST312,03-Jan-19,549
TNST312,06-Jan-18,549
TNST312,01-Feb-17,561
TNST312,02-Apr-17,561
TNST312,08-Apr-19,844
TNST312,02-May-17,899
TNST312,06-Jun-17,553
TNST312,07-Jun-18,596
TNST312,07-Aug-17,641
TNST312,01-Sep-18,556
TNST312,04-Sep-19,1050
TNST312,07-Sep-17,831
TNST312,12-Sep-18,641
TNST312,01-Oct-17,620
TNST312,01-Oct-17,550
TNST312,12-Oct-17,556
TNST312,10-Nov-19,550
TNST312,08-Dec-19,487
TNST312,15-Jul-17,551
TNST312,15-Nov-18,553
TNST312,16-Feb-19,844
TNST312,17-Jul-17,790
TNST312,18-Apr-19,589
TNST312,19-Oct-19,1048
TNST312,20-Jan-17,899
TNST312,20-Feb-19,588
TNST312,21-Apr-18,553
TNST312,22-Apr-19,588
TNST312,22-Jun-19,620
TNST312,22-Jul-19,847
TNST312,22-Aug-18,588
TNST312,23-Jan-17,550
TNST312,23-Apr-19,790
TNST312,23-Apr-19,588
TNST312,23-Nov-18,549
TNST312,23-Nov-19,920
TNST312,24-Jun-17,641
TNST312,24-Jul-18,547
TNST312,25-May-19,585
TNST312,25-Sep-18,588
TNST312,27-Mar-19,556
TNST312,27-Oct-19,1048
TNST312,28-Jan-17,901
TNST312,30-Jul-17,895
TNST312,31-Oct-19,593
TNST313,05-Jan-17,549
TNST313,07-Mar-17,604
TNST313,07-Mar-18,585
TNST313,08-Mar-19,598
TNST313,10-Mar-19,563
TNST313,05-Apr-18,596
TNST313,11-Apr-17,581
TNST313,02-May-17,561
TNST313,12-May-19,588
TNST313,02-Sep-18,550
TNST313,04-Oct-19,553
TNST313,04-Nov-18,588
TNST313,12-Dec-19,1048
TNST313,13-Aug-19,641
TNST313,14-May-18,560
TNST313,14-Oct-19,554
TNST313,15-Nov-19,551
TNST313,16-Jun-17,576
TNST313,18-May-19,567
TNST313,19-Sep-19,1074
TNST313,20-Jan-18,549
TNST313,20-Nov-18,596
TNST313,20-Dec-19,1050
TNST313,22-Mar-19,550
TNST313,22-May-18,558
TNST313,23-Aug-19,641
TNST313,23-Sep-18,556
TNST313,25-Oct-19,593
TNST313,30-Mar-19,585
TNST313,31-Jan-17,552
TNST314,01-Feb-18,620
TNST314,07-Feb-19,831
TNST314,01-Mar-17,563
TNST314,02-Mar-17,551
TNST314,07-Mar-19,641
TNST314,12-Mar-19,1048
TNST314,07-Apr-17,607
TNST314,12-Apr-18,565
TNST314,01-May-17,556
TNST314,12-Jun-19,553
TNST314,09-Jul-19,1050
TNST314,05-Aug-17,580
TNST314,05-Sep-18,577
TNST314,09-Sep-19,1008
TNST314,13-Sep-17,576
TNST314,14-Jun-19,598
TNST314,16-Jun-18,844
TNST314,16-Sep-19,1088
TNST314,18-Jan-17,588
TNST314,18-Jul-18,555
TNST314,19-Feb-19,790
TNST314,19-Jun-18,641
TNST314,20-Jul-18,561
TNST314,20-Dec-18,598
TNST314,21-Sep-19,1050
TNST314,23-Jan-17,551
TNST314,26-May-18,790
TNST314,27-Feb-18,561
TNST314,29-Apr-17,626
TNST314,29-Sep-18,588
TNST314,29-Dec-16,563
TNST314,30-Aug-18,585
TNST314,30-Aug-19,1008
TNST314,30-Nov-19,588
TNST314,31-Jan-17,588
TNST315,06-Mar-17,790
TNST315,01-Apr-18,561
TNST315,05-Apr-18,555
TNST315,01-May-17,553
TNST315,03-May-19,588
TNST315,04-May-17,588
TNST315,04-Aug-17,549
TNST315,02-Sep-19,641
TNST315,03-Sep-19,844
TNST315,12-Sep-18,790
TNST315,10-Oct-18,588
TNST315,04-Nov-18,620
TNST315,01-Dec-17,561
TNST315,14-Aug-18,588
TNST315,14-Dec-18,561
TNST315,15-Jun-19,561
TNST315,17-Feb-17,550
TNST315,21-Jan-17,552
TNST315,21-Jan-17,561
TNST315,21-Jan-17,844
TNST315,21-Jul-18,589
TNST315,23-Nov-19,589
TNST315,23-Dec-19,566
TNST315,24-Feb-19,1053
TNST315,24-Feb-19,565
TNST315,24-Mar-18,554
TNST315,24-Dec-17,588
TNST315,26-Jul-19,1128
TNST315,26-Sep-18,588
TNST315,26-Dec-18,567
TNST315,27-Jul-17,567
TNST315,27-Nov-19,1053
TNST315,28-Jan-17,899
TNST315,28-Jan-17,576
TNST315,28-Jul-19,641
TNST315,29-Oct-19,589
TNST315,30-Aug-17,565
TNST315,30-Sep-19,554
TNST316,03-Jan-17,554
TNST316,01-Feb-18,576
TNST316,03-Feb-19,588
TNST316,08-Feb-17,641
TNST316,08-Mar-17,588
TNST316,09-Mar-18,549
TNST316,11-Mar-18,553
TNST316,03-Apr-19,588
TNST316,03-Jul-19,596
TNST316,12-Jul-19,556
TNST316,01-Sep-17,487
TNST316,01-Oct-17,556
TNST316,12-Nov-17,425
TNST316,09-Dec-19,580
TNST316,15-Oct-17,604
TNST316,18-Jan-19,588
TNST316,19-Oct-17,565
TNST316,20-Jan-17,588
TNST316,23-Feb-19,1074
TNST316,23-Mar-19,585
TNST316,24-Oct-17,790
TNST316,25-Jun-17,641
TNST316,28-Sep-19,554
TNST316,29-Aug-19,1074
TNST316,31-Jul-18,425
TNST316,31-Dec-17,899
TNST316,31-Dec-19,596
TNST317,02-Feb-19,585
TNST317,06-Feb-17,556
TNST317,07-Apr-17,589
TNST317,08-Apr-17,563
TNST317,01-May-19,588
TNST317,04-May-19,583
TNST317,03-Jul-19,641
TNST317,04-Aug-18,604
TNST317,07-Sep-18,563
TNST317,09-Nov-18,554
TNST317,02-Dec-19,588
TNST317,13-Jul-17,556
TNST317,13-Jul-17,556
TNST317,13-Jul-18,564
TNST317,16-Mar-17,790
TNST317,17-Sep-18,554
TNST317,17-Nov-19,1050
TNST317,19-Mar-18,565
TNST317,19-Oct-19,588
TNST317,20-Feb-18,553
TNST317,20-Mar-18,899
TNST317,21-Nov-18,550
TNST317,22-May-19,1115
TNST317,24-Jul-19,551
TNST317,25-Jan-17,556
TNST317,25-Jul-18,588
TNST317,28-Mar-19,593
TNST317,29-Jul-19,553
TNST317,30-Jan-17,899
TNST321,08-Jan-17,554
TNST321,05-Mar-17,425
TNST321,05-Apr-19,1050
TNST321,08-Apr-18,550
TNST321,07-May-18,565
TNST321,05-Jun-19,598
TNST321,06-Jun-17,556
TNST321,02-Jul-18,554
TNST321,09-Jul-18,487
TNST321,09-Aug-19,564
TNST321,10-Sep-18,556
TNST321,12-Sep-18,565
TNST321,05-Oct-17,588
TNST321,03-Nov-19,641
TNST321,04-Nov-18,564
TNST321,02-Dec-19,920
TNST321,08-Dec-18,626
TNST321,08-Dec-19,554
TNST321,08-Dec-19,920
TNST321,08-Dec-19,554
TNST321,14-Sep-19,598
TNST321,16-May-17,547
TNST321,17-Apr-18,585
TNST321,17-Apr-18,559
TNST321,18-Aug-18,641
TNST321,18-Aug-19,553
TNST321,19-May-18,553
TNST321,19-May-18,558
TNST321,20-Oct-19,1050
TNST321,21-Jun-19,557
TNST321,21-Dec-19,1104
TNST321,22-Aug-17,576
TNST321,23-Nov-18,551
TNST321,24-Jul-19,554
TNST321,24-Aug-17,554
TNST321,24-Nov-19,641
TNST321,26-Feb-19,844
TNST321,30-Jan-19,567
TNST321,30-Mar-19,554
TNST322,08-Jan-19,1139
TNST322,09-Apr-19,1086
TNST322,06-May-18,553
TNST322,05-Jun-19,552
TNST322,06-Jun-17,598
TNST322,05-Jul-17,576
TNST322,06-Sep-18,553
TNST322,02-Dec-19,588
TNST322,08-Dec-19,576
TNST322,20-Jun-17,551
TNST322,20-Jul-19,831
TNST322,20-Sep-19,1146
TNST322,22-Nov-17,604
TNST322,24-Feb-19,554
TNST322,25-Jul-19,585
TNST322,28-Aug-19,1053
TNST322,29-Nov-18,790
TNST322,30-Dec-19,915
TNST323,05-Mar-18,552
TNST323,02-May-19,1057
TNST323,08-May-19,552
TNST323,04-Jul-19,1048
TNST323,08-Jul-18,565
TNST323,05-Aug-18,567
TNST323,02-Sep-19,1038
TNST323,06-Sep-17,564
TNST323,12-Oct-19,837
TNST323,05-Nov-17,580
TNST323,13-May-17,425
TNST323,14-May-17,564
TNST323,15-Jul-18,550
TNST323,16-Mar-19,588
TNST323,17-Apr-19,549
TNST323,21-Feb-19,1071
TNST323,22-Jul-18,554
TNST323,23-May-17,425
TNST323,23-Dec-19,550
TNST323,27-Jan-19,561
TNST323,27-Jan-19,641
TNST323,28-Apr-19,915
TNST323,31-May-19,550
TNST323,31-May-19,567
TNST323,31-May-19,582
TNST324,11-Feb-19,554
TNST324,06-Mar-17,589
TNST324,08-Apr-18,487
TNST324,09-Jul-19,641
TNST324,08-Sep-19,915
TNST324,05-Oct-18,895
TNST324,09-Dec-18,551
TNST324,10-Dec-18,641
TNST324,14-May-18,641
TNST324,15-May-17,425
TNST324,15-May-19,586
TNST324,16-Jun-17,553
TNST324,16-Jul-18,893
TNST324,18-May-17,549
TNST324,19-Mar-19,1053
TNST324,20-May-17,553
TNST324,21-Mar-19,1088
TNST324,22-Jun-17,553
TNST324,30-Jun-17,487
TNST324,31-May-17,604
TNST325,08-Jan-18,556
TNST325,03-Jun-19,641
TNST325,06-Jul-19,585
TNST325,07-Aug-19,551
TNST325,09-Aug-18,554
TNST325,09-Aug-18,589
TNST325,11-Aug-19,641
TNST325,07-Oct-18,583
TNST325,05-Nov-18,425
TNST325,13-Sep-19,554
TNST325,16-May-19,588
TNST325,17-Jul-19,915
TNST325,19-Jun-18,557
TNST325,19-Sep-19,554
TNST325,21-Jun-19,1101
TNST325,24-May-18,551
TNST325,24-May-18,551
TNST325,25-Sep-18,554
TNST325,27-Mar-19,620
TNST325,28-Jul-19,552
TNST325,29-Jun-18,425
TNST325,30-Sep-17,556
TNST325,30-Oct-18,641
TNST326,04-Mar-19,589
TNST326,11-Mar-18,790
TNST326,06-Apr-18,589
TNST326,06-Apr-18,589
TNST326,06-May-18,567
TNST326,06-Jun-18,588
TNST326,09-Aug-19,1088
TNST326,12-Aug-18,565
TNST326,05-Sep-19,1050
TNST326,06-Oct-18,552
TNST326,08-Dec-18,554
TNST326,14-Mar-19,1008
TNST326,16-Mar-19,1057
TNST326,16-Aug-18,626
TNST326,19-Nov-18,585
TNST326,21-Jul-19,588
TNST326,24-May-18,558
TNST326,24-Nov-18,560
TNST326,25-Nov-18,567
TNST326,26-Sep-19,583
TNST326,30-Sep-19,583
TNST326,31-Aug-17,641
TNST326,31-Dec-19,641
